<?xml version="1.0" encoding="UTF-8" ?>
<!DOCTYPE mapper
  PUBLIC "-//mybatis.org//DTD Mapper 3.0//EN"
  "http://mybatis.org/dtd/mybatis-3-mapper.dtd">
<mapper namespace="org.zerock.mapper.EBoardAttachMapper">

	<insert id="einsert">
		insert into etbl_attach (uuid, uploadpath, filename,
		filetype, bno)
		values (#{uuid}, #{uploadPath}, #{fileName},
		#{fileType}, #{bno} )
	</insert>

	<delete id="edelete">

		delete from etbl_attach where uuid = #{uuid}

	</delete>

	<select id="efindByBno"
		resultType="org.zerock.domain.EBoardAttachVO">
		select * from etbl_attach where bno = #{bno}
	</select>

	<delete id="edeleteAll">

		delete etbl_attach where bno = #{bno}

	</delete>

    <!-- Page600 sysdate에서 1을 뺀 어제 날짜 데이터 처리 설정 --> 
	<select id="egetOldFiles"
		resultType="org.zerock.domain.EBoardAttachVO">

		select * from etbl_attach where uploadpath = to_char(sysdate -1 ,'yyyy\mm\dd')

	</select>


</mapper>
